username,comment,image,star,time,idProduct
alicefire,"MÃ u Ä‘áº¹p quÃ¡ Ã . GiÃ¡ ráº» mÃ  cÅ©ng khÃ¡ xá»‹n xÃ². Mua vá» cho máº¹ dÃ¹ng, máº¹ thÃ­ch láº¯m",,5,1609936272,3355289986
locfci,HÃ¬nh áº£nh khÃ´ng liÃªn quan . mua láº§n 2 mÃ¡y dÃ¹ng tá»‘t nhÆ°ng khÃ´ng hiá»ƒu vá» há»‡ Ä‘iá»u hÃ nh nÄƒm cho 5sao láº§n sau cÃ³ dá»‹p láº¡i á»§ng há»™,,5,1610106951,3355289986
tienvu12,Äiá»‡n thoáº¡i Ä‘áº¹p luÃ´n xin sÃ² luÃ´n. Ae nÃ o mua thÃ¬ua Ä‘i Ä‘áº¹p luÃ´n xin sÃ² luÃ´n. Ae nÃ o mua thÃ¬ua Ä‘i,,5,1610900565,3355289986
t*****g,Ráº¥t ok sÃ i mÆ°á»›t. MÃ u camera tÆ°Æ¡i Ä‘áº¹p. MÃ¬nh mua cho ngoáº¡i Ä‘á»c bÃ¡o ráº¥t ok,,5,1611012011,3355289986
m*****1,hhhsnsnsnns nhÃ  hdnxnnxnnxnncncncnn hsjsnznnnxxjxxnnnxhxjnxnnxnxnnxnnxn hdnxnnxnnxnncncncnn hsjsnznnnxxjxxnnnxhxjnxnnxnxnnxnnxn hdnxnnxnnxnncncncnn hsjsnznnnxxjxxnnnxhxjnxnnxnxnnxnnxn hdnxnnxnnxnncncncnn hsjsnznnnxxjxxnnnxhxjnxnnxnxnnxnnxn hdnxnnxnnxnncncncnn hsjsnznnnxxjxxnnnxhxjnxnnxnxnnxnnxn hdnx,,5,1610078159,3355289986
h*****t,Dfhjbvxssfh vfsstjnbb cddsfiiewgbb chjfswtikb cfdhn vdfh,,5,1609924966,3355289986
aiphuong19,"Äiá»‡n thoáº¡i Ä‘áº¹p, nhÃ¬n sang. Pin khoáº», chá»¥p hÃ¬nh khÃ¡ áº£o.XÃ i cÅ©ng cáº£ tuáº§n rá»“i chÆ°a tháº¥y lá»—i láº§m gÃ¬. Hy vá»ng bá»n. Shop giao nhanh.
Máº¯c cá»« lÃ  sale cÅ©ng 2tr830. GiÃ¡ khÃ´ng sale cÅ©ng 2tr830. Canh chetme rá»“i mua y 1 giÃ¡ ðŸ˜‚ðŸ˜‚ðŸ˜‚ðŸ˜†ðŸ˜†ðŸ˜†ðŸ˜†",,5,1609794633,3355289986
bohungmehoa,"NhÃ¬n chung lÃ  á»•n, bá»n hay khÃ´ng thÃ¬ pháº£i dÃ¹ng má»›i biáº¿t",,5,1609119733,3355289986
phubtbt,"Äiá»‡n thoáº¡i Ä‘áº¹p giao hÃ ng nhanh 
ChÃºc shop mua may bÃ¡n Ä‘áº¯t",,5,1610696434,3355289986
hathibop,Sáº£n pháº©m ráº¥t lÃ  ok. Sáº½ á»§ng há»™ láº§n sau. ,,5,1610541160,3355289986
cucbonggon24,"Giao hÃ ng siÃªu nhanhhhhhhh
Cháº¥t lÆ°á»£ng tá»‘t
Thanks shop nhiá»uuuuuuuuuuuuuu",,5,1609461276,4460537443
g*****n,"HÃ¬nh áº£nh chá»‰ mang tÃ­nh cháº¥t k minh hoáº¡
Ät dÃ¹ng ráº¥t tá»‘t  _ trong táº§m giÃ¡ 3tr thÃ¬ nhÆ° mÃ y lÃ  ráº¥t ok r ðŸ˜",,5,1608036601,3355289986
shopnhub,"Giao hÃ ng nhanh , nguyÃªn Ä‘ai phá»¥ kiá»‡n ko thiáº¿u Ä‘á»“ nÃ o ,sau 2 hÃ´m ngon lÃ nh cÃ nh Ä‘Ã o ,láº§n Ä‘áº§u mÃ¬nh mua Ä‘t trÃªn máº¡ng lÃªn Ä‘Ã¡nh giÃ¡ hÆ¡i cháº­m, sáº£n pháº©m quÃ¡ tuyá»‡t vá»i",,5,1610063967,3355289986
t*****h,"MÃ¡y nhá». KhÃ³ dÃ¹ng dáº¥u pháº©y trÃªn bÃ n phÃ­m.
NÃ³i chung lÃ  nÃ³i chung.",,5,1609419547,4460537443
thuythuy_259,"mÃ¡y nhá», nháº¹, cáº§m cÃ³ cáº£m giÃ¡c cáº§m Ä‘á»“ chÆ¡i, nhÃ¢n viÃªn cskh nhiá»‡t tÃ¬nh, giao hÃ ng quÃ¡ lÃ¢u, há»™p Ä‘á»±ng bá»‹ mÃ©o mÃ³p, váº­n chuyá»ƒn ko nháº¹ tay.",,5,1608869021,4460537443
uyenkle,mÃ¡y mua ok ðŸ‘ ðŸ˜ŠðŸ˜ŠðŸ˜ŠðŸ˜ŠðŸ˜ŠðŸ˜ŠðŸ˜ŠðŸ˜ŠðŸ‘ŒðŸ˜ŠðŸ˜ŠðŸ‘ŒðŸ‘ŒðŸ˜ŠðŸ‘ŒðŸ‘ŒðŸ‘ŒðŸ‘ŒðŸ‘ŒðŸ‘ŒðŸ˜ŠðŸ‘ŒðŸ‘ŒðŸ‘ŒðŸ˜ŠðŸ‘ŒðŸ‘ŒðŸ‘ŒðŸ‘ŒðŸ˜©ðŸ‘ŒðŸ‘ŒðŸ‘ŒðŸ‘ŒðŸ˜©ðŸ˜©ðŸ˜©ðŸ‘ŒðŸ‘ŒðŸ‘ŒðŸ‘ŒðŸ‘ŒðŸ‘ŒðŸ˜‚ðŸ’•,,5,1608971129,4460537443
v*****0,"GiÃ¡ sale cÃ²n 1tr7, cáº¥u hÃ¬nh Ä‘Ãºng mÃ´ táº£, Ä‘Ã³ng gÃ³i cáº©n tháº­n, giao nhanh. MÃ¡y dÃ¹ng ok, dÃ¹ng thá»­ máº¥y ngÃ y chÆ°a tháº¥y lá»—i gÃ¬.",,5,1608404007,4460537443
anbinh1980,"ÄÃ³ng gÃ³i cáº©n tháº­n, ká»¹ lÆ°á»¡ng, sáº£n pháº©m Ä‘áº¹p, nhá» gá»n, má»›i ðŸ’¯, cháº¥t lÆ°á»£ng thÃ¬ chÆ°a Ä‘Ã¡nh giÃ¡ Ä‘Æ°á»£c, hÃ¬nh áº£nh sáº¯c sáº£o... ",,5,1608019059,4460537443
dangthihoai_7301.,Sáº£n pháº£m cháº¥t lÆ°á»£ng giao hÃ ng nhanh sáº½ á»§ng há»™ lÃ¢u dÃ i,,5,1610347831,3355289986
thanhthuong1996,Vbjsbjd. Jnsusnsj kjsjsbsi jbssindi jsjdjjdfb jsjdjdjdi jsjiddbud gaguavsu jdjdidnjd hsnisbej jsjsjdbh hsjsbdi jsjdjdi jsjjenedni hsjsjdbjd ,,5,1610776014,3355289986
huynhthikimluong,"San pháº©m chÃ­nh hÃ£ng, check báº£o hÃ ng váº«n chÆ°a tháº¥y, hy vá»ng sau khi Ä‘Ã¡nh giÃ¡ sáº½ tháº¥y ngÃ y dc báº£o hÃ nh, cáº£m Æ¡n áº¡",,5,1610709591,3355289986
a*****6,"Sáº£n pháº©m Ä‘Ã³ng gÃ³i cháº¯c cháº¯n, má»›i nguyÃªn, Ä‘áº¹p nhÆ° trong hÃ¬nh ðŸ¤©ðŸ¤©",,5,1610084072,3355289986
hotro,"Giao nhanh,  gÃ³i kÄ©,  mÃ¡y Ä‘áº¹p,  giÃ¡ tá»‘t hÆ¡n mua bÃªn ngoÃ i. ........................................",,5,1610512374,3355289986
thuy_chi_2015,"NghÃ­a con nÃ y lÃ¢u láº¯m rá»“i, nháº­n Ä‘Æ°á»£c hÃ ng Æ°ng cÃ¡i bá»¥ng. MÃ u nÃ y thiÃªn vá» mÃ u xanh nhÆ° hÃ¬nh nhÃ©.HÃ ng cÃ²n nguyÃªn seal vÃ  bÃ¬ bao bá»c bÃªn ngoÃ i
Shop Ä‘Ã³ng gÃ³i cáº©n tháº­n láº¯m nhÃ©. 
Cho shop 5*+ lun nha",,5,1608049583,3355289986
w*****7,"Äiá»‡n thoáº¡i mua cho máº¹ mÃ¬nh dÃ¹ng chá»§ yáº¿u Ä‘á»ƒ lÆ°á»›t web 1 chÃºt, sÃ i cÅ©ng tá»‘t. 1 láº§n sáº¡c dÃ¹ng Ä‘c 6 ngÃ y. Trá»« láº§n Ä‘áº§u sáº¡c mÃ¡y bá»‹ nÃ³ng thÃ¬ Ä‘áº¿n giá» váº«n ok. Nháº­n mÃ¡y xong táº§m 3 ngÃ y sau cÃ³ tin nháº¯n gá»­i mÃ£ báº£o hÃ nh vá» mÃ¡y mÃ¬nh. Ncl cháº¥t lÆ°á»£ng ok",,5,1608082743,4460537443
z32ur80gksz6kti39aq4l6yruir5,Hshsiswj jdjekqma ksksnzwkwl ksma sndowo ksnsnsskks ksmsnsjeks ksksnssnsk,,5,1605876086,4460537443
ngovan72,Äiá»‡n thoai nhÃ¬n ráº¥t Äáº¹p vÃ  sang. GiÃ¡ sale tá»‘t cho Ä‘iá»‡n thoai  thÆ°Æ¡ng hiá»‡u Samsung. Ráº¥t yÃªn tÃ¢m khi xÃ i hÃ ng mua tá»« shop mall chÃ­nh hÃ£ng. ÄÃ³ng gÃ³i cháº¯c cháº¯n.,,5,1607696891,4460537443
peony142,"MÃ¬nh mua giÃ¡ flashsale nhÆ°ng ko pháº£i tá»‘t nháº¥t. HÃ ng xinh nhá» gá»n. NÃ³i chung khÃ¡ Æ°ng. Chá»‰ cÃ³ cÃ¡i cáº£m giÃ¡c mong manh dá»… vá»¡, khÃ³ tÃ¬m á»‘p lÆ°ng vÃ  dÃ¡n mÃ n hÃ¬nh cÃ ng khÃ³, chá»‰ cÃ³ thá»ƒ Ä‘áº·t mua tá»« TQ ^^' ",,4,1607700388,4460537443
tra2412.2002,SyujjuyygtyyyyuhhhhhhhhhhhhhhhhhiiiooolmmbccÄ‘ffhkkmn,,5,1608219256,4460537443
bobaocong,"Äiá»‡n thoáº¡i dÃ¹ng 3 ngÃ y thÃ¬ cháº¿t nguá»“n. Nt shop thÃ¬ báº£o khÃ¡ch báº¥m nháº­n hÃ ng rÃ¹i nÃªn ko thá»ƒ Ä‘á»•i tráº£. Pháº£i mang lÃªn hÃ£ng báº£o hÃ nh, máº¥t thÃªm 200k ná»¯a. ChÃ¡n",,1,1605936852,4460537443
g*****6,"Sáº£n pháº©m cÅ©ng ok láº¯m áº¡. Giao hÃ ng nhanh
Dhdbsisnsgwgfdgshsh",,5,1609087553,4460537443
nhih36024,"Giao hÃ ng nhanh, tuy mua sale nhÆ°ng cx ko ráº» hÆ¡n máº¥y. Mua shopee mall nÃªn cx yÃªn tÃ¢m",,5,1608009664,4460537443
v*****9,"Ä‘Ã³ng gÃ³i cháº¯c cháº¯n, shop tÆ° váº¥n tá»‘t. MÃ¡y nhá» gá»n nháº¹, cháº¡y mÆ°á»£t, tá»‘t trong táº§m giÃ¡, cÃ³ Ä‘iá»u khÃ´ng tÃ¬m mua Ä‘Æ°á»£c á»‘p lÆ°ng vÃ  kÃ­nh cÆ°á»ng lá»±c pháº£i Ä‘áº·t mua trÃªn máº¡ng.",,5,1607521147,4460537443
r*****g,Giao nhanh dong goi can than tot tot tot tot lÄƒm luon. Se ung ho tiep theo,,5,1608951307,4460537443
2sfl1zkg7w,Rjdjnz d kdebsisks kdoejrbdk ksksbeek ksksnssnsk kskdndkeke kdkdnbddhdjke ksksndndjd jdkdkdnekejedj hdjd,,5,1607506563,4460537443
ngoc_anh1509,HÃ ng giao nhanh. Sáº£n pháº©m táº¡m á»•n. PhÃ¹ há»£p giÃ¡ tiá»n.  Hi vá»ng lÃ  dÃ¹ng tá»‘t,,5,1609777594,4460537443
duongconuong96,HÃ ng quÃ¡ lÃ  ok áº¡k. Mua Ä‘t trÃªn máº¡ng ai bit cÅ©ng cÆ°á»i trÃªu. MÃ¬nh tháº¥y bt mÃ  sao láº¡i cÆ°á»i nhá»‰,,5,1610987607,7659194604
nhatnguyenviet97,MÃ u ko Ä‘áº¹p láº¯m,,4,1610600193,7659194604
caolanh72,Shop giao hÃ ng nhanh. HÃ ng nhÃ¬n Ä‘áº¹p. Äáº§y Ä‘á»§ phá»¥ kiá»‡n. Hy vá»ng sÃ i ok. Sáº½ á»§ng há»™ shop náº¿u cÃ³ mua láº§n sau,,5,1610015276,7659194604
miucon14,Shop giao nhanh vÃ  Ä‘áº§y Ä‘á»§ phá»¥ kiá»‡n. Táº¡m thá»i tháº¥y mÃ¡y cháº¡y ráº¥t mÆ°á»£t. Chá»¥p áº£nh nÃ©t luÃ´n,,5,1607575020,7659194604
myhuongnt,,,5,1610767251,7659194604
minhduongkhang,,,5,1610704469,7659194604
b*****4,"Nháº­n Ä‘uoc Ä‘t, mua cho mom ráº¥t thÃ­ch, dÃ¹ng chÆ°a tháº¥y lá»—i gÃ¬....",,5,1608473960,4737194401
ayephnq,ÄÃ£ nháº­n Ä‘Æ°á»£c hÃ ng gáº§n 1 tuáº§n nhÆ°ng giá» má»›i Ä‘Ã¡nh giÃ¡... mÃ¡y OK !,,5,1608641831,4737194401
trankimchi92,"Äiá»‡n thoáº¡i mÃ¬nh cáº£m giÃ¡c mÃ n hÃ¬nh ko Ä‘Æ°á»£c sÃ¡ng láº¯m, Ã¡nh sÃ¡ng vÃ ng ,bin 6000 nhÆ°ng tÆ°Æ¡ng Ä‘Æ°Æ¡ng vá»›i a 20s bin 4000,ko biáº¿t mÃ¡y mÃ¡y cÃ³ váº¥n Ä‘á» gÃ¬ ko ná»¯a",,5,1607820037,4737194401
quynhvu321,"ÄiÃªÌ£n thoaÌ£i duÌ€ng Ã´Ì‰n trong tÃ¢Ì€m giaÌ.  ChiÌ‰ coÌ saÌ£c Ä‘i keÌ€m,  ko coÌ tai nghe, ...",,5,1607750536,4737194401
0jmwjjs47s,Jsjxjxjsnsjdjdjsjskxusjsjsjsjsixjdnsjxkdjsndkxkdjsjdd,,5,1608030013,4737194401
t*****0,"Äiá»‡n thoáº¡i khÃ¡ á»•n, lá»©Æ¡t má»±Æ¡t, giÃ¡ cáº£ phÃ¹ há»£p vÃ¬ mua Ä‘Æ°á»£c giÃ¡ flash, cÃ³ Ä‘iá»u cÃ i Ä‘áº·t hÆ¡i lÃ¢u :)) vÃ¬ láº§n Ä‘áº§u mua Ä‘t online ",,5,1609858761,4737194401
vn8718_20041,HÃ ng chÃ­nh hÃ£ng giÃ¡ ráº» hÆ¡n lÃ  mua trá»±c tiáº¿p cÃ²n cÃ³ voucher cá»§a shopee flash sale cá»§a samsung. ÄÃ£ dÃ¹ng Ä‘iá»‡n thoáº¡i gáº§n 1 thÃ¡ng tháº¥y á»•n,,5,1609671196,4737194401
n*****9,"HÃ ng chÃ­nh hÃ£ng giÃ¡ 3tr790! ÄT Ä‘áº¹p, giao hÃ ng nhanh NiÃªm phong tá»‘t. ",,5,1606913955,4737194401
quynhanh8300,"MÃ¡y dÃ¹ng ok trong táº§m giÃ¡ mua 3695k. HÃ ng chÃ­nh hÃ£ng, cÃ¡m Æ¡n shopee vÃ  samsung",,4,1610028340,4737194401
baokhangcc,Tá»‘t ,,5,1607618501,4737194401
c*****y,Sáº£n pháº©m giao cáº©n tháº­n. Hai bÃªn Ä‘á»“ng kiá»ƒm an tÃ¢m.  MÃ n hÃ¬nh to. Cam loa cháº¥p nháº­n Ä‘c trong táº§m giÃ¡ Ä‘á»ƒ mÃ¬nh xÃ i thá»­ xem sao,,5,1608394768,4737194401
thuongtuyen28042002,MÃ¡y pin cá»±c kÃ¬ yáº¿u máº·c dÃ¹ tháº¥y ghi pin 6000 nhÆ°ng ráº¥t yáº¿u dÃ¹ng liÃªn tá»¥c Ä‘c gáº§n 2h lÃ  háº¿t pin yáº¿u hÆ¡n cáº£ con lg 7 mÃ¬nh Ä‘ang dÃ¹ng mÃ¬nh yÃªu cáº§u Ä‘á»•i mÃ¡y khÃ¡c shop khÃ´ng chá»‹u chÃ¡n luÃ´n.shop ghi lÃ  hcm nhÆ°ng láº¡i gá»­i tá»« hn quÃ¡ tháº¥t vá»ng,,1,1608377266,4737194401
anhnt789,"MÃ¡y cháº¥t, chá»§ shop nhiá»‡t tÃ¬nh. 5**************************",,5,1600263691,2261315595
idhwzc_mke,"Sáº£n pháº©m ráº¥t ok giao hÃ ng nhanh camera ngon táº¥t cáº£ Ä‘á»u tuyá»‡t vá»i
",,5,1602480149,2261315595
0*****h,LÆ°á»i chá»¥p nhÆ°ng Ä‘t ok nha. Cho shop ngÃ n sao âœ¨ nsnssnsjshshshshshshsshshsh,,5,1598530485,2261315595
lelamheo,"Tháº­t xá»± tháº¥t vá»ng vá» shop
Mua láº§n 2 nhÆ°ng k ngá» shop giao cho mÃ¬nh má»™t con mÃ¡y máº¥t Ã¡p 
camera thÃ¬ lÃºc bá»‹ máº¥t láº¥y nÃ©t lÃºc Ä‘Æ°á»£c lÃºc khÃ´ng
Nháº¯n tin thÃ¬ tháº¥y shop k tráº£ lá»i 
Ae nÃªn cáº©n tháº­n khi mua áº¡",,1,1598331487,2261315595
dat19042003123,"LÃºc Ä‘áº§u mÃ¬nh Ä‘áº·t mÃ¡y tráº¯ng 99.9 % 128GB shop liÃªn há»‡ nÃ³i háº¿t, gá»­i mÃ¬nh may Ä‘á» 256GB mÃ¬nh cÅ©ng chá»‹u nhÆ°ng cuá»‘i cÃ¹ng láº¡i giao mÃ¡y bá»‹ tráº§y máº·t lÆ°ng nhiá»u, bong sÆ¡n viá»n cam, máº·t trc mÃ n hÃ¬nh phÃ­a dÆ°á»›i thÃ¬ bá»‹ vá»¡ nháº¹. MÃ¬nh nháº¯n thÃ¬ shop báº£o lÃ  cÃ³ tráº§y bao nhiÃªu Ä‘Ã¢u. ",,1,1610889704,2261315595
fesmaj,NÃ³i chung em Ä‘t áº»m ngon khÃ´ng cÃ²n gÃ¬ Ä‘á»ƒ bÃ n luÃ´n ðŸ¤§,,5,1610772168,2261315595
anhvuzin,Ok,,5,1607041972,3215606112
xuan.bgg,"ráº¥t tiáº¿c khÃ´ng cÃ³ nháº­n diá»‡n khuÃ´n máº·t 
",,5,1604275785,3215606112
phong303,"MÃ¡y nguyÃªn seal , Ä‘Ã³ng gÃ³i ok . GiÃ¡ 1750k 2gb quÃ¡ ok . Náº¿u cÃ²n sáº½ á»§ng há»™ tiáº¿p ",,5,1605437424,3215606112
xoe1111111,Tá»‘t,,5,1605750977,3215606112
hoangkt1997,HÃ ng dáº¹p luÃ´n luÃ´n lÃ  khÃ´ng pháº£i khÃ´ng,,5,1602551229,3215606112
ngocduyq1,MÃ¬nh Ä‘ang dÃ¹ng 1 Ä‘t nÃªn k cÃ³ áº£nh.. Ät thÃ¬ cháº¥t lÆ°á»£ng khá»i bÃ n ha.. ÄÃ³ng gÃ³i kÄ© cÃ ng.. CÃ³ Ä‘áº¡p lÃªn cÅ©ng k mÃ³p Ä‘c há»™p Ä‘t luÃ´n.. Giao thÃ¬ nhanh 1 Ä‘áº¿n 2 ngÃ y lÃ  tá»›i,,5,1604714232,3215606112
bichphuong1607sg,"MÃ¡y cá»±c kÃ¬ Ä‘áº¹p, giao hÃ ng Ä‘Ã³ng kÃ­n cháº¯c cháº¯n. Chá»§ shop pháº£n há»“i vÃ  tÆ° váº¥n cá»±c kÃ¬ nhanh, mua vá» láº¯p sim vÃ o lÃ  OK ngon lÃ nh luÃ´n. TÃ³m láº¡i lÃ  nÃªn mua nhÃ© má»i ngÆ°á»i",,5,1610382440,2261315595
thuynga7382682,"Chá»§ shop nhiá»‡t tÃ¬nh. HÃ ng giao nhanh, mÃ¡y ráº¥t Ä‘áº¹p. ÄÃ¢y lÃ  láº§n thá»© 2 mua cá»§a shop rá»“i. Sáº½ tiáº¿p tá»¥c á»§ng há»™ shop:))",,5,1609392520,2261315595
quangdzahihu,"Sau vÃ i ngÃ y dÃ¹ng mÃ¡y , mÃ¬nh tháº¥y mÃ¡y shop bÃ¡n mÆ°á»£t , nguyÃªn zin , khÃ´ng tháº¥y lá»—i láº§m gÃ¬ , pin 87% , shop giao hÃ ng nhanh , tÆ° váº¥n nhiá»‡t tÃ¬nh , mn nÃªn mua !!!",,5,1608022139,2261315595
nguyenanh1999kxtq,"HÃ ng Ä‘áº¹p má»i ng nÃªn mua 
",,5,1606975746,2261315595
kimdung2910,"MÃ¡y oceeee láº¯m nhaaa
Má»›i dÃ¹ng Ä‘Æ°á»£c 3/4 day mÃ  tháº¥y má»i thá»© Ä‘á»u oceee nhaaa
CÃ²n vá» sau nhÆ° nÃ o thÃ¬ ch biáº¿t áº¡ :))) cá»§a bá»n táº¡i mih áº¡ 
Náº¿u trong thá»i gian cÃ²n báº£o hÃ nh cÃ³ gi há»ng hÃ³ccc mong shop nhiá»‡t tÃ¬nh báº£o hÃ nh mÃ¡y áº¡ ðŸ¥°ðŸ¥°ðŸ˜ðŸ˜ðŸ¥°ðŸ¥°ðŸ¥°ðŸ¥°",,5,1603373702,2261315595
ntnmnnl,"GhÃ©p sim khÃ´ng Ä‘Æ°á»£c, Ä‘ang Ä‘á»£i anh chá»§ gá»­i sim ghÃ©p khÃ¡c kháº¯c phá»¥c. Äiá»‡n thoáº¡i thÃ¬ ngoáº¡i hÃ¬nh ráº¥t bÃ³ng báº©y, pin cÃ²n 81% nhÆ°ng dÃ¹ng tháº¥y cÅ©ng trÃ¢u trÃ¢u. Sáº½ quay láº¡i sá»­a Ä‘Ã¡nh giÃ¡ náº¿u ghÃ©p sim Ä‘Æ°á»£c ðŸ˜Œ. Mua cÃ¡i sim ghÃ©p khÃ¡c láº¯p vÃ o done luÃ´n",,5,1602898749,2261315595
menhana07,MÃ¡y OK láº¯m luÃ´n . Shop tÆ° váº¥n nhiá»‡t tÃ¬nh . Pin 100 luÃ´n yÃªu shop â¤ï¸â¤ï¸ se se ung ho lan sau,,5,1609686729,2261315595
van.tan0777,Mik cáº­p nháº­p lÃªn phiÃªn báº£n 14.3 r nhÆ°ng váº«n chx láº¯p sim Ä‘c  mong shop giÃºp Ä‘á»¡ mÃ¬nh,,5,1610958434,2261315595
copcop444443,Very good ,,5,1609460903,2261315595
anhminhts,Cháº¥t lÆ°á»£ng khÃ¡ ok ,,5,1609585266,2261315595
l*****1,5 sao,,5,1608996714,2261315595
mimh389,like,,5,1607929958,2261315595
kietphuchai,"Sáº£n pháº©m tá»‘t, sá»­ dá»¥ng ráº¥t ok, camera rÃµ quÃ¡, chá»¥p hÃ¬nh chÃ¢n thá»±c, nhÃ¬n rÃµ tá»«ng ná»‘t má»¥n.",,5,1607177301,3215606112
diemdang333,"Sp ráº¥t Ä‘Ã¡ng tiá»n , Ä‘Ã³ng gÃ³i ráº¥t cháº¯c cháº¯n,ðŸ˜ðŸ˜ðŸ˜
(LÆ°á»i chá»¥p áº£nh ðŸ˜‚)",,5,1605264124,3215606112
v*****5,"Ngon quÃ¡ anh Æ¡i
MÆ°á»£t ná»¯a liÃªn quÃ¢n max settings Ä‘áº§u
Pubg chÆ°a test ðŸ˜‚ðŸ˜‚",,5,1600870527,3215606112
ngoc307309,Báº¯t wifi quÃ¡ yáº¿u loa thÃ¬ nhá» cÃ²n láº¡i má»i thá»© chá» dÃ¹ng má»™t thá»i gian ná»¯a má»›i biáº¿t ,,4,1602216375,3215606112
daodyynam97,"Sáº£n pháº©m má»›i nguyÃªn ráº¥t Ä‘Ã¡ng tiá»n ðŸ¤£ðŸ¤£ðŸ¤£ðŸ¤£ giao hÃ ng ra báº¯c nÃªn hÆ¡i xa chÃºt nhÆ°ng mÃ¬nh ráº¥t tin ngÆ°á»i trong nam bÃ¡n hÃ ng

",,5,1596013714,3215606112
c*****4,"Dien thoai rat tot nhan vien tu van ki cang tung chi tiet 1,gÃ³i hang chac chan,hang nguyen seal,neu nhu co mua dien thoai lan sau thi shop nay lÃ  shop minh se mua,do dang su dung 1 dien thoai nen khong the chup anh duoc,sorry mn",,5,1595118320,3215606112
ntktphuong2106,Má»i thá»© Ä‘á»u ok chá»‰ cÃ³ cÃ¡i nÃºt nguá»“n nÃ³ bá»‹ lá»ng rá»›t ra ngoÃ i khÃ´ng biáº¿t e Ä‘Æ°á»£c Ä‘á»•i khÃ´ng áº¡. Hay cÃ³ cÃ¡ch nÃ o kháº¯c phá»¥c khÃ´ng áº¡,,5,1595822053,3215606112
dailao01,MÃ¡y ráº¥t ok...! ÄÃ¡ng giÃ¡ tiá»n..! NhÆ°ng thá»i gian báº£o hÃ nh hÆ¡i áº£o.^^,,5,1609860679,3215606112
quocphongfx,Giao hÃ ng nhanh ! Sáº£n pháº©m nguyÃªn seal ,,5,1610698005,3215606112
ngodinhdiem92,,,5,1610538367,3215606112
longnguyen045,"Sáº£n pháº©m ok mÆ°á»£t tuy nhiÃªn sau 1 tuáº§n sá»­ dá»¥ng tháº¥y máº¡ng hay bá»‹ máº¥t sau máº¥y giÃ¢y cÃ³ láº¡i náº¿u cÃ³ báº£n cáº­p nháº­t sá»­a lá»—i wifi thÃ¬ ok nÃ³i chung hÃ i lÃ²ng 
Chá»§ shop dá»… thÆ°Æ¡ng 5sao",,5,1606637398,3215606112
thienha377,Má»›i sÃ i Ä‘Æ°á»£c vÃ i tiáº¿ng chÆ°a phÃ¡t hiá»‡n cÃ³ váº«n Ä‘á» gÃ¬.,,5,1609466074,3215606112
tmlduc123,Chá»§ shop thÃ¢n thiá»‡n:))) tai nghe thÃ­ch Ã¢m thanh sá»‘ng Ä‘á»™ng ráº¥t phÃ¹ há»£p vá»›i giÃ¡,,5,1608375207,2759191741
n*****9,"Cháº¥t lÆ°á»£ng Ã¢m thanh tá»‘t, dung lÆ°á»£ng pin nhiá»u, xÃ i  cáº£ ngÃ y khÃ´ng háº¿t pin, ráº¥t Ä‘Ã¡ng mua",,5,1609548139,2759191741
t*****p,Udhhdhdidjhdhdunxhxuxjxhhxbbxujdbxhxhbxjxjhxhxbxbhxhtoots,,5,1610844338,2759191741
j3004,,,5,1610697517,2759191741
_h09qciwqqz3csk8jctci8ecy_bu,Nghe vÃ i hÃ´m tai nghe cÃ¡i Ä‘c cÃ¡i khÃ´ng nhÆ°ng qua 3 ngÃ y r k thá»ƒ Ä‘á»•i tráº£ Ä‘c ná»¯a nÃªn Ä‘Ã nh thÃ´i pin trÃ¢u,,5,1608970679,2759191741
1bui2cong3tu4,"Cáº£m á»©ng hÆ¡i khÃ³ dÃ¹ng 1 chÃºt! Ã‚m thanh táº¡m Ä‘Æ°á»£c! NÃ³i chung lÃ  tiá»n nÃ o cá»§a áº¥y! KhÃ´ng chÃª bai gÃ¬
",,5,1608818124,2759191741
t0thanhlu0ng,"Sáº£n pháº©m cháº¥t lÆ°á»£ng, Ä‘Ã³ng gÃ³i cáº©n tháº­n, giao hÃ ng hÆ¡i cháº­m. DÃ¹ng thá»­ má»i thá»© Ä‘á»u á»•n khÃ´ng cÃ³ váº¥n Ä‘á»   gÃ¬. Gá»­i sá»‘ imel tá»›i 6060 xem tráº¡ng thÃ¡i kÃ­ch hoáº¡t báº£o hÃ nh Ä‘iá»‡n tá»­ nhÆ°ng chÆ°a tháº¥y pháº£n há»“i. Chat vs shop cÅ©ng khÃ´ng tháº¥y tráº£ lá»i... ",,4,1608268601,4737194401
t*****3,Láº§n Ä‘áº§u tiÃªn mua online vá»›i sá»‘ tiá»n lá»›n váº­y. Äiá»‡n thoáº¡i dÃ¹ng ráº¥t ok. Rec cho máº¥y báº¡n nÃªn mua,,5,1609597475,4737194401
l*****0,"Giao hÃ ng cá»±c nhanh, Ä‘Ã³ng gÃ³i cáº©n tháº­n, cÃ³ Ä‘iá»u khÃ´ng biáº¿t pháº£i kÃ­ch hoáº¡t báº£o hÃ nh nhÆ° tháº¿ nÃ o, phiá»n shop hÆ°á»›ng dáº«n",,5,1610684674,4737194401
t*****0,HÃ ng cháº¥t lÆ°á»£ng. Há»™p cÃ²n nguyÃªn niÃªm phong. Máº¹ mÃ¬nh ráº¥t thÃ­ch áº¡,,5,1608978060,4737194401
maimobifone,"ChÃ­nh hÃ£ng... Samsung giÃ¡ ok...mÃ¬nh chá»‰ sá»­ dá»¥ng thÃ´ng thÆ°á»ng nÃªn cáº£m tháº¥y pin tá»‘t xÃ i tá»« sÃ¡ng tá»›i tá»‘i.... DÃ²ng cáº£m á»©ng, chá»¥p áº£nh ok ðŸ‘Œ",,5,1608646270,4737194401
ly18042001,"Láº§n Ä‘áº§u mua Ä‘iá»‡n thoáº¡i online. Cháº¥t lÆ°á»£ng tá»‘t,gÃ³i kÄ©, giao nhanh gá»n láº¹. GiÃ¡ cÅ©ng oke . NÃ³i chung Ä‘Æ°á»£c, bá»n khÃ´ng thÃ¬ chÆ°a biáº¿t",,5,1608365094,4737194401
lequanghuy56,,,5,1610784939,2759191741
q*****1,"ÄÃ³ng gÃ³i cáº©n tháº­n, giao hÃ ng nhanh, shop tráº£ lá»i tin nháº¯n nhanh, tai nghe á»•n, phÃ¹ há»£p vá»›i giÃ¡ tiá»n. Náº¿u cÃ³ mua láº§n ná»¯a sáº½ láº¡i á»§ng há»™ shop áº¡. ",,5,1609753777,2759191741
p*****h,"QuÃ¡'ss Ä‘á»‰nh'ss áº¡. HÃ ng ko bá»‹ mÃ³p mÃ©o gÃ¬, Ã¢m thanh Ãªm tai, káº¿t ná»‘i dá»…....ko biáº¿t cÃ³ bá»n ko. ÄÃ¡ng tiá»n nha mn",,5,1610189767,2759191741
ngocdiep197,F7uffdttdt8gyogo7rucuruvc3uruiuuhitghjjjttifucfufd7if,,5,1610762556,2759191741
hangchu2112,PhÃ¹ há»£p vá»›i giÃ¡ tiá»n. HÃ ng ship hÆ¡i lÃ¢u. Káº¿t ná»‘i tÃ¬m mÃ£i má»›i Ä‘c. Æ¯ng cÃ¡i lÃ  cáº£m á»©ng nháº­y ,,4,1610713983,2759191741
h*****1,"Giao hÃ ng nhanh
GÃ³i Ä‘áº¹p, cháº¯c cháº¯n vÃ  cáº©n tháº­n
Sáº£n pháº©m dÃ¹ng tá»‘t, okkkkkkk",,5,1610704016,2759191741
thamkem_96,"Cháº¥t lÆ°á»£ng sáº£n pháº©m tuyá»‡t vá»i
ÄÃ³ng gÃ³i sáº£n pháº©m ráº¥t Ä‘áº¹p
Ok cháº¥t lÆ°á»£ng nha",,5,1608546043,2693593903
thamkem_96,"Äiá»‡n thoáº¡i mÃ¬nh nháº­n Ä‘Æ°á»£c khÃ¡ ok, mua vá»›i giÃ¡ 2690k Ä‘Æ°á»£c sale nÃªn tháº¥y ráº» hÆ¡n bÃªn ngoÃ i rÃ¹i",,5,1608474249,2693593903
n*****d,"MÃ¬nh chÆ°a dÃ¹ng má»›i Ä‘áº­p há»™p thÃ´i, giao hÃ ng nhanh vÃ  cáº©n tháº­n. Hy vá»ng dÃ¹ng tá»‘t ",,5,1608123944,2693593903
nguyentinhnhi2001,Giao hÃ ng nhanh. NhÆ°ng mÃ¡y gá»i video zalo thÃ¬ nÃ³i bÃªn kia khÃ´nh nghe Ä‘c. Kj biáº¿t lá»—i gÃ¬. Mong shop há»— trá»£,,5,1608227493,2693593903
maiibupbe1206,,,5,1607327212,2693593903
tra2412.2002,Ucudyfidudididfyopkdghikknbcdsgjkkbvxsdvjkfghhhvcdg,,5,1608219212,2693593903
w*****l,"Cháº¥t lÆ°á»£ng sp tuyá»‡t vá»i, shop Ä‘Ã³ng gÃ³i hÃ ng cháº¯c cháº¯n, thá»i gian giao hÃ ng nhanh",,5,1608914840,2759191741
c_viet2009,".................................................
.
.....
.................",,5,1610036215,2759191741
voquangtinhaa,Sáº£n phÃ¢Ì‰m Ä‘Æ°Æ¡Ì£c thiÃªÌt kÃªÌ Ä‘áº¹p nghe ráº¥t tá»‘t cho shop 5â˜†â¤â¤â¤â¤â¤â¤,,5,1608779589,2759191741
lb.ngoc,"Má»›i dÃ¹ng chÆ°a biáº¿t nhÆ° nÃ o nhÆ°ng tháº¥y máº«u mÃ£ okkkk, há»£p giÃ¡ tiá»n. Mong lÃ  pin trÃ¢u xÃ­u ksjsjjdgxggvbjsnnsbjsnsbsbbsbdnjdmdndndnmdndnmdkdnndbbdnfnfnjfk",,5,1610597130,2759191741
besume,Mua 3 láº§n rá»“i dÃ¹ng ok láº¯m !!!!!!!!!!!! ...................,,5,1610606740,2759191741
kitjuzz1802,Okhgggggghhhhhhjjhgujguihgyuuhgggggggggghhhhhhhhhggttgggffggf,,5,1609159528,2759191741
hiendieu90,,,5,1610616765,7659194604
depxopbinhduong,,,5,1610608497,7659194604
tuanngoc426,,,5,1610418400,7659194604
lethibehien01,"Bá»™ sáº£n pháº©m bao gá»“m Ä‘iá»‡n thoáº¡i Samsung Galaxy A10s, bá»™ dÃ¢y sáº¡c Ä‘iá»‡n thoáº¡i vÃ  giáº¥y HDSD.

ThÃ´ng sá»‘ ká»¹ thuáº­t Samsung Galaxy A10s:
MÃ n hÃ¬nh: mÃ n hÃ¬nh vÃ´ cá»±c Infinity-V 6.2â€ HD+ (720 x 1520 pixels)
Tá»· lá»‡ khung hÃ¬nh: 19:9
Camera: 
2 camera sau
â€“ Camera chÃ­nh: 13 MP, f/1.8
â€“ Camera xÃ³a phÃ´ng: 2 MP",,5,1610624591,2693593903
sina.2212,"Äiá»‡n thoáº¡i tá»‘t, cháº¥t lÆ°á»£ng tuyá»‡t vá»i, shop gÃ³i hÃ ng cháº¯c cháº¯n, giao nhanh.",,5,1608009540,2693593903
depxopbinhduong,Tuyá»‡t vá»i iiiiiiiiiiiiiiii,,5,1608175338,2693593903
binhtam1234321,"MÃ¡y Ä‘áº¹p, dÃ¹ng tá»‘t, giÃ¡ ráº», nhÃ¢n viÃªn giao hÃ ng thÃ¢n thiá»‡n",,5,1607408711,2693593903
thutham_88,"Bá»™ sáº£n pháº©m khÃ´ng cÃ³ tai nghe nÃªn cáº£m tháº¥y thiáº¿u sÃ³t vÃ  há»¥t háº«ng. MÃ u xanh Ä‘áº¹p, mÃ¡y chÆ°a dÃ¹ng nÃªn chÆ°a biáº¿t máº¡nh yáº¿u ntn. Hy vá»ng sáº½ á»•n. Mua 2.500k nÃªn cÅ©ng hÃ i lÃ²ng",,4,1608979979,2693593903
dovantan90,Cháº¥t lÆ°á»£ng sp ok. Shop giao hÃ ng nhanh chÃ³ng. Sp dÃ¹ng ráº¥t á»•n Ã¡p,,5,1608604273,2693593903
o*****v,"Thá»i gian giao hÃ nh nhanh, Ä‘Ã³ng gÃ³i sáº£n pháº©m Ä‘áº¹p vÃ  cháº¯c cháº¯n. ",,5,1608454720,6230153207
c*****9,Sáº£n pháº©m chÃ­nh hÃ£ng samsung. ÄÃ³ng gÃ³i tá»‘t. Giao hÃ ng nhanh. HÃ ng nguyÃªn seal.,,5,1607344592,6230153207
ngoccanhh0610,"Ok ha, mua há»™ nhÆ°ng khÃ¡ lÃ  ok, dÃ¹ng á»•n, vá»«a giÃ¡ tiá»n , hihi.....",,5,1605837094,6230153207
thienvy0911,"Shop gÃ³i hÃ ng ká»¹
Giao hÃ ng nhanh
Sáº£n pháº©m nháº­n Ä‘Æ°á»£c giá»‘ng shop mÃ´ táº£
TÆ° váº¥n tá»‘t.",,5,1602566544,6230153207
hdhuynhduyen88,"HÃ ng má»›i
Giao hÃ ng nhanh
ÄÃ³ng gÃ³i kÄ©
GiÃ¡ ok
Báº£o hÃ nh ko biáº¿t Ä‘áº¿n hÃ£ng Ä‘Æ°á»£c ko",,5,1601906965,6230153207
hien_14504,Ät giá»‘ng miÃªu táº£ nhÆ°ng vá» pháº§n chá»‰nh Ã¡nh sÃ¡ng mÃ n hÃ¬nh mÃ¬nh k bt lÃ m sao nÃ³ cá»© tá»± tá»¥t Ã¡nh sÃ¡ng xuá»‘ng xong tÄƒng Ã¡nh sÃ¡ng tá»± Ä‘á»™ng khi Ä‘ang chá»¥p hÃ¬nh:((((,,5,1604222793,6230153207
d*****9,Ã gbkklvjkjghcvklbktsgrikgjfdjhdtjoyiyititotuyoydurupityeoyukgj,,5,1608101404,2693593903
tx5300,HÃ ng uy tÃ­n oke. ÄÃ³ng gÃ³i kÄ© cÃ ng. Váº­n chuyá»ƒn khÃ¡ nhanh.5 sao,,5,1604845789,2693593903
0303gri,cháº¥t lÆ°á»£ng sp tá»‘t. shop giao hÃ ng nha. mua giÃ¡ ráº» nÃªn tháº¥y á»•n so vá»›i giÃ¡,,5,1604507576,2693593903
nhimthoxinh4812,"MÃ¡y Ä‘áº¹p...giao hÃ ng cáº©n tháº­n....giÃ¡ ráº¥t iu....Ä‘t mua táº·ng cho ba mÃ¡ lá»›n tuá»•i sá»­ dá»¥ng ráº¥t tá»‘t....
KhÃ´ng cÃ³ sáºµn hÃ¬nh áº£nh nÃªn sá»­ dá»¥ng hÃ¬nh áº£nh khÃ´ng liÃªn quan láº¯m.",,5,1603678560,2693593903
d*****4,Dt mua cho bá»‘ dÃ¹ng nÃªn tháº¥y khÃ¡ á»•n. Cáº£m á»©ng hÆ¡i rÃ­t vÃ  cháº­m. Hy vá»ng dÃ¹ng Ä‘Æ°á»£c lÃ¢u,,5,1606135391,2693593903
t*****6,Giao hÃ ng hÆ¡i lÃ¢u. Shop Ä‘Ã£ kÃ­ch hoáº¡t báº£o hÃ nh cho mÃ¬nh sau khi nháº­n Ä‘Æ°á»£c,,5,1606356771,2693593903
phamngan101212,sáº£n pháº©m nhÆ° quáº£ng  cÃ¡o,,5,1608285694,6230153207
linhi001,"Ä‘iá»‡n thoáº¡i xÃ i ráº¥t tá»‘t, ráº¥t Ä‘áº¹p, má»ng nháº¹. lÆ°á»›t tá»‘t, pin trÃ¢u, chá»¥p hÃ¬nh sáº¯c nÃ©t. kÃ¨m cá»¥c sáº¡c nhanh, náº·ng cháº¯c tay, tá»‘t. Ä‘iá»‡n thoáº¡i ráº» vÃ  ráº¥t tá»‘t nha. cáº£m Æ¡n shop",,5,1610646639,6230153207
suna0710,Sáº£n pháº©m ok. MÃ¡y má»›i full box. Giao hÃ ng nhanh. Shop phá»¥c vá»¥ tá»‘t.. á»¦ng há»™ shop chÆ°a tháº¥t vá»ng láº§n nÃ o... ,,5,1606485625,6230153207
phongggg_98,Äáº¹p láº¯m nhaðŸ˜€ðŸ˜€ðŸ˜€ðŸ˜€ðŸ˜€ðŸ˜€ðŸ˜€ðŸ˜€ðŸ˜€,,5,1606746473,6230153207
d*****7,Tá»‘t.mua thÃªm cÃ¡i ná»¯a cÃ²n hÃ ng cháº¥t lÆ°á»£ng váº­y khÃ´ng vÃ  cÃ³ táº·ng gÃ¬ k shop,,5,1606437407,6230153207
r3nkulixe1,"Shop uy tÃ­n, tÆ° váº¥n tuyá»‡t vá»i",,5,1605614633,6230153207
t*****u,"MÃ u xanh k lÃªn Ä‘c nhÆ° trÃªn áº£nh nhÆ°ng cÅ©ng Ä‘áº¹p, mÃ¡y mÆ°á»£t nhÃ¬n Ä‘áº¹p, shop gÃ³i hÃ ng cáº©n tháº­n vÃ  giao nhanh. ",,5,1610952904,3640138830
nguyenthu88ht,,,5,1608430645,3640138830
tinhyeubautroi,Ok,,5,1609999076,3640138830
baoanh1603,,,5,1608973150,3640138830
thuynguyenquy,,,5,1608431365,3640138830
thuynguyenquy,,,5,1608431351,3640138830
thuankg001,,,5,1585021156,3617078926
luonghongphuc,,,5,1582195818,3617078926
edwardnguyen,"HÃ ng chÃ­nh hÃ£ng, mÃ¡y má»›i nguyÃªn seal. Tks shop giÃ¡ quÃ¡ tá»‘t!!!",,5,1583380220,3617078926
younhao,Thá»i gian giao hÃ ng nhanh. NÃ³i chung xÃ i cÅ©ng ok. MÃ¡y Ä‘áº¹p. CÃ³ gÃ¬ Ä‘Ã¡nh giÃ¡ sau ná»¯a,,5,1582695784,3617078926
tue_giac,NÃ³i chung má»›i nháº­n nhÃ¬n tháº¥y Ã´k. ChÆ°a dÃ¹ng thá»­ chÆ°a biáº¿t,,5,1582968291,3617078926
dientuthuandao,HÃ ng nguyÃªn seal,,5,1582963502,3617078926
huuhienlc,"Loa dÃ¹ng tháº¥y rÃ¨ láº¯m, pin sáº¡c bÃ¬nh thÆ°á»ng thÃ´i chá»© khÃ´ng nhanh láº¯m Ä‘Ã¢u, giao hÃ ng ráº¥t cháº­m",,3,1583071495,3617078926
bichluannguyen,,,5,1610353216,3617078926
s*****y,"ÄÃ£ nháº­n Ä‘Æ°á»£c hÃ ng!
MÃ¡y má»›i cá»©ng!
DÃ¹ng ráº¥t mÆ°á»£t
Äung mÃ u yÃªu cáº§u!",,5,1602583034,6230153207
tranchautuan6195,"á»”n Ä‘á»‹nh , nguyÃªn Seal , vÃ¬ giÃ¡ ráº» hÆ¡n so vá»›i gÃ­a gá»‘c nÃªn viá»‡c kÃ­ch hoáº¡t BH trÆ°á»›c 20 ngÃ y lÃ  chuyá»‡n bÃ¬nh thÆ°á»ng",,5,1601258538,6230153207
ngocgam77,"MÃ¡y má»›i nguyÃªn siu,nhá» shop kÃ­ch hoáº¡t báº£o hÃ nh giÃºp nhÃ©!!!!!",,5,1602035328,6230153207
meovn,"Sáº£n pháº©m giá»‘ng miÃªu táº£, giao hÃ ng nhanh, chá» sá»­ dá»¥ng thÃªm Ä‘á»ƒ Ä‘Ã¡nh giÃ¡ rÃµ hÆ¡n.",,5,1601604405,6230153207
hoahongxau,"Mua cho ba, nhÃ¬n Ä‘áº¹p vá»›i táº§m giÃ¡, giao Ä‘Ãºng mÃ u, mÃ¬nh chÆ°a dÃ¹ng nhÆ°ng nhÃ¬n chung á»•n",,5,1600169404,6230153207
danhnhan999999,,,5,1599887969,6230153207
cdgiangmlay,,,5,1608724356,6365780389
mydung8385,Giao hÃ ng nhanh.chá»§ shop nhiá»‡t tÃ¬nh.hÃ ng chÃ­n hÃ£ng.mua Ä‘c giÃ¡ ráº» ,,5,1579358185,7502590024
hoai.anh.nguyen,"ÄÃ£ nháº­n Ä‘Æ°á»£c hÃ ng Ä‘áº§y Ä‘á»§, Ä‘Ã³ng gÃ³i cáº©n tháº­n khi giao. HÃ i lÃ²ng.",,5,1580129032,7502590024
buidenb1234,"Äang sá»­ dá»¥ng Vivo Y11 cáº£m tháº¥y á»•n....ko biáº¿t 2 , 3 thÃ¡ng sau cÃ²n cháº¡y tá»‘t nhÆ°ng báº¡n Ä‘áº§u ko???",,5,1582542702,7502590024
phamdung15102001,"á»”n, tuá»µet vÃ´iiiiiiiiiiiiiiiiiiiiiiiiiiiiiiiiiiiiiiii",,5,1589968175,7502590024
thaothao3333333,"Ät lag, cáº¥u hÃ¬nh k giá»‘ng Ä‘t ardoir , ",,1,1590297572,7502590024
nga072099,Giao hÃ ng hÆ¡i lÃ¢u,,5,1592654972,7502590024
wwxl2g4qwpa85dwyhxqqw3emuxuk,"shop giao Ä‘Ãºng hÃ ng, Ä‘iá»‡n thoáº¡i Ä‘áº¹p , cÃ³ phiá»ƒu báº£o hÃ nh",,5,1603587728,7502590024
aetldmlgbg,Ok ydiydykdhchkddyiddgjstjdhmdkjrdgjxgmsfjsjgjgmxgstsjgxhmdtjetidhchmxtisgkxcmbchkfueyidkhdmhxmhdyke eitshkxdhlsyidhmf,,5,1599114446,7502590024
thanhan.mobile,QuÃ¡ Ä‘áº¹p trong táº§m giÃ¡,,5,1594439328,7502590024
van109anh,"Sáº£n pháº©m má»›i 100%ðŸ¥°
NguyÃªn seal Ä‘á»§ phá»¥ kiá»‡n tiáº¿c lÃ  ko cÃ³ tai nghe ðŸ™„
Pin khÃ¡ ok loa toðŸ¤© ko lá»—i láº§m jðŸ˜
",,5,1581124527,7502590024
myphamenesti,"HÃ ng má»›i nguyÃªn seal, giao hÃ ng nhanh, mong lÃ  báº£o hÃ nh Ä‘áº§y Ä‘á»§",,5,1578554337,7502590024
thkhanhkien,"MÃ¡y cÃ²n nguyÃªn seal , báº£o hÃ nh chÃ­nh hÃ£ng Ä‘Ãºng ngÃ y bÃ¡n . Sáº½ á»§ng há»™ shop .",,5,1581741164,7502590024
_duaw_,"Cháº¥t lÆ°á»£ng tuyá»‡t vá»i
ÄÃ³ng gÃ³i sáº£n pháº©m kÄ© cÃ ng 
Shop phá»¥c vá»¥ tá»‘t 
Ráº¥t Ä‘Ã¡ng tiá»n",,5,1581334531,7502590024
maitran12345abc,Hiá»‡n táº¡i dÃ¹ng khÃ¡ tá»‘t . ,,5,1584458586,7502590024
buidatkute2000,"giao hÃ ng cháº­m,shop phá»¥c vá»¥ tá»‘t
",,5,1581082329,7502590024
.angelachayhop.,,,5,1581499386,7502590024
up59apdmfa,"MÃ¡y tá»‘t, cháº¥t lÆ°á»£ng. ",,5,1591334860,7502590024
thaitran12042005,"Giá»‘ng nhÆ° trÃªn

",,5,1581056243,7502590024
cdgiangmlay,,,5,1608260621,3640138830
vumai1987,,,5,1607414417,3640138830
huynhthihuyenvi,,,5,1605664684,3640138830
llltrang,á»”n,,5,1610809476,7353912449
l*****g,"ÄÃ³ng gÃ³i cáº©n tháº­n, giao hÃ ng nhanh, á»‘p lÆ°ng Ä‘áº¹p, shop nhiá»‡t tÃ¬nh.",,5,1610115389,7353912449
haufamhp,"Sáº£n pháº©m quÃ¡ tuyá»‡t, bao xá»‹n má»‹n Ä‘áº¹p ngoÃ i mong Ä‘á»£i. QuÃ¡ Æ°ng cháº¥t lÆ°á»£ng. Ráº» mÃ  cháº¥t. Sáº½ á»§ng há»™ dÃ i dÃ i luÃ´n cho shop náº¡. IÃªu nháº¯m ðŸ¥°ðŸ¥°ðŸ¥°ðŸ¥°ðŸ¥°ðŸ¥°ðŸ¥°ðŸ¥°ðŸ¥°ðŸ¥°ðŸ¥°ðŸ¥°",,5,1607609344,7353912449
minnhngoc,Nsuebdhhdkwbwhsbudhwhwbejehdhdjdndhehdjhfftbrheheb,,5,1610254198,7353912449
caolehoangyen,"ÄÃ³ng gÃ³i cáº©n tháº­n. Giao hÃ ng nhanh. Shop tÆ° váº¥n nhiá»‡t tÃ¬nh
ÄÃ¡ng giÃ¡ 5*. NÃªn mua mn nhÃ©! Hihihih",,5,1609935802,7353912449
thuydo_2511,"ÄÃ³ng gÃ³i cáº©n tháº­n, hÃ ng phÃ¹ há»£p giÃ¡ tiá»n, sáº£n pháº©m á»•nnnnnnnn",,5,1609849468,7353912449
boytran81,MÃ¡y nguyÃªn seal hÃ ng chÃ­nh hÃ£ng. Shop Ä‘Ã³ng gÃ³i cÃ³ dÃ¡n niÃªm phong cáº©n tháº­n,,5,1598087171,4339646384
hieupeter,"khÃ´ng cÃ i sáºµn tiáº¿ng viá»‡t, mua xong váº«n tá»‘n thá»i gian 7 ngÃ y unlock, lá»—i gps banh xÃ¡c cháº£ lÃ m Äƒn gÃ¬",,3,1596810752,4339646384
annyie2020,ChÆ¡i game tá»‘c chiáº¿n cá»±c mÆ°á»£t ráº¥t Ä‘Ã¡ng Ä‘á»“ng tiá»n ,,5,1610647848,4339646384
hangbui866,Ok tot,,5,1607988494,4339646384
nguyenquangvinhxyz,"Sáº£n pháº©m cháº¥t lÆ°á»£ng cao , nguyÃªn seal , khÃ´ng bá»‹ mÃ³m mÃ©o hay Ä‘Ã£ qua sá»­ dá»¥ng .",,5,1607921090,4339646384
hoangthuaphung,...,,5,1605348724,4339646384
phihaiq7,"Äiá»‡n thoai bao test lun Ä‘á»£i 7 ngÃ y sau up rom Tiáº¿ng Viá»‡t
Shop ráº¥t chu Ä‘Ã¡o ",,5,1606568622,4339646384
ntkgamingvn2002,"Sp quÃ¡ Ä‘áº¹p cÃ²n nguyÃªn seal, hÃ ng tá»‘t trong táº§m giÃ¡, shop tÆ° váº¥n ráº¥t oke ! 5 sao khÃ´ng nÃ³i nhiá»u",,5,1605528490,4339646384
metohoho,"Sáº£n pháº©m tá»‘t tuy nhiÃªn cÃ i tiáº¿ng viá»‡t váº«n chÆ°a triá»‡t Ä‘á»ƒ, váº«n cÃ²n app tÃ u",,4,1605606577,4339646384
quochung1998xxxx,I3ururururhbfbfbb,,5,1605840293,4339646384
thienthuat186,"Shop bá»c ráº¥t cáº©n tháº­n, mÃ¡y má»›i nguyÃªn seal, cháº¥t lÆ°á»£ng nhÆ° bÃ i Ä‘Äƒng. ThÃ¡i Ä‘á»™ shop phá»¥c vá»¥ ráº¥t nhiá»‡t tÃ¬nh há»— trá»£. á»¦ng há»™ shop",,5,1605254583,4339646384
vovanminh923417,"MÃ¬nh nháº­n hÃ ng mÃ  Ä‘iá»‡n thoáº¡i siÃªu Ä‘áº¹p Ã½, sá»­ dá»¥ng cá»±c vá»«a Ã½ luÃ´n, hÃ ng giao khÃ¡ nhanh mÃ  gÃ³i hÃ ng mÃ¬nh nháº­n Ä‘Æ°á»£c Ä‘Ã³ng gÃ³i kÄ© cÃ ng láº¯m ",,5,1602856944,4339646384
vanbon_shop,Giao hÃ ng hÆ¡i cháº­m...hÃ ng ngon...nguyÃªn seal..thÃ­ch lÃ  pháº£i nhÃ­ch,,5,1600273342,6247404150
h7ovmr1b8b,Cháº¥t lÆ°á»£ng sáº£n pháº©m ráº¥t tá»‘t Ä‘áº¹p,,5,1610443982,6247404150
bh298991,"Ok Ä‘iá»‡n thoáº¡i Ä‘áº¹p, giÃ¡ ráº» ná»¯a.",,5,1608117822,6247404150
nguyenkieuduyen112,,,5,1609945506,6247404150
7uri29pwf0,,,5,1610442653,6247404150
jfrgf8x7rk,,,5,1610444110,6247404150
butistillwantyou_jk,"á»p fit mÃ¡y, má»ng hÆ¡n á»‘p chá»‘ng báº©n 1 tÃ­ thÃ´i, báº©n láº¥y khÄƒn Æ°á»›t lau lÃ  sáº¡ch",,5,1609565143,7353912449
chienlung123,"Ráº¥t ok rÃ© hÆ¡n ngoÃ i quÃ¡n ráº¥t nhiá»u má»i ngÆ°á»i nÃªn mua vá» dÃ¹ng. HÃ ng gá»­i ráº¥t nhanh 
",,5,1606887389,7353912449
huyentrang262,"á»p mÃ u ráº¥t xinh vÃ  láº¡, viá»n vuÃ´ng siÃªu Ä‘áº¹p. Sáº½ á»§ng há»™ shop dÃ i dÃ i. LÆ°á»i chá»¥p nÃªn láº¥y áº£nh ko liÃªn quan sorry má»i ngÆ°á»i ",,5,1609163070,7353912449
hoangcnkt,"á»p Ä‘áº¹p cháº¥t lÆ°á»£ng, cáº§m cháº¯c tay ráº¥t thÃ­ch, mÃ u pastel hÆ¡i ngáº£ tÃ­m",,5,1609209056,7353912449
huongbeooo2829,á»p siu Ä‘áº¹p luÃ´n má»i ngÆ°á»i áº¡ ðŸ˜™,,5,1606707722,7353912449
g*****s,"ráº¥t Ä‘áº¹p giao hÃ ng nhanh Ä‘Ã³ng gÃ³i cháº¯c cháº¯n , nma cáº£m giÃ¡c nhÆ° shop giao e sai máº«u hay sao Ã½ mÃ  bá»‹ thá»«a chá»— á»Ÿ pháº§n Ä‘Ã¡y á»‘p",,5,1609004169,7353912449
t*****7,MÃ¡y nguyÃªn seal má»›i Ä‘áº­p há»™p Ä‘ang cÃ i Ä‘áº·t mua á»Ÿ shop nÃ y rá»“i nÃªn mua thÃªm cÃ¡i ná»¯a uy tÃ­n giÃ¡ cáº£ há»£p lÃ½ ,,5,1609134871,4339646384
hathanhnhan16,"Shop giao hÃ ng nhanh,sáº£n pháº©m Ä‘áº¹p tuy nhiÃªn vá» khÃ¢u Ä‘Ã³ng gÃ³i thÃ¬ khÃ´ng Ä‘Æ°á»£c tá»‘t vÃ  cÃ²n sÆ¡ sÃ i. MÃ¬nh Ä‘ang Ä‘á»£i 7 ngÃ y Ä‘á»ƒ unlock mÃ¡y cÃ²n vá» cháº¥t lÆ°á»£ng thÃ¬ cÃ²n pháº£i tráº£i nghiá»‡m thÃªm.",,4,1605535138,4339646384
taipham75,"Äiá»‡n thoáº¡i ráº¥t Ä‘áº¹p, cháº¡y á»•n, nhanh. CÃ³ Ä‘iá»u shop hÆ°á»›ng dáº«n khÃ´ng Ä‘Ãºng nÃªn cÃ i Ä‘áº·t ch play ráº¥t lÃ¢u má»›i xong Ä‘Æ°á»£c.",,5,1605359463,4339646384
biendo2411,"MÃ¡y nguyÃªn seal, cáº¥u hÃ¬nh ngon trong táº§m giÃ¡. ÄÃ³ng gÃ³i sáº£n pháº©m cháº¯c cháº¯n vÃ  giao hÃ ng ráº¥t nhanh. Sáº½ tiáº¿p tá»¥c á»§ng há»™ shop.",,5,1604070515,4339646384
kimque264,"MÃ¬nh ráº¥t hÃ¢n háº¡nh lÃ  ngÆ°á»i comment review Ä‘áº§u tiÃªn vá» sáº£n pháº©m nÃ y cá»§a Shop
MÃ¬nh Ä‘áº­p há»™p nguyÃªn seal ráº¥t lÃ  Ä‘áº¹p, uy tÃ­n.
Hiá»‡n mÃ¬nh Ä‘ang xin quyá»n unlock 7 ngÃ y, Ä‘Æ°á»£c shop support há»— trá»£ ráº¥t tá»‘t qua zalo
Shop chÄƒm sÃ³c bÃ¡n hÃ nh cÅ©ng tá»‘t,thÃ´ng tin tÃ¬nh hÃ¬nh hÃ ng vá» Ä‘áº§y Ä‘á»§. ChÃºc shop mua may bÃ¡n Ä‘áº¯t.",,5,1595084177,4339646384
bvbonvivant,"HÃ ng giÃ¡ ráº», giao nhanh, gÃ³i ká»¹. Cam Æ¡n shop há»— trá»£ hÆ°á»›ng dáº«n cÃ i Ä‘áº·t 
",,5,1598413713,4339646384
6mj752utw8qhfbsz1wbhp9ifg0xx,,,5,1602731400,6247404150
vuonglac_1961,,,5,1602597551,6247404150
lequatreact,,,5,1602597486,6247404150
phanphecongqn,,,5,1602597522,6247404150
halao.1973,,,5,1602597344,6247404150
fantasibaby,Shop giao hÃ ng nhanh giao Ä‘Ãºng mÃ u Ä‘c táº·ng cÆ°á»ng lá»±c vÃ  tai nghe Ä‘Ã£ cÃ i tiáº¿ng viá»‡t sáºµn má»—i tá»™i dÃ¡n cÆ°á»ng lá»±c 9d dÃ y quÃ¡ á»‘p lÆ°ng vÃ o bá»‹ cáº¡ viá»n cÆ°á»ng lá»±c dáº«n Ä‘áº¿n bá»‹ bong loang 2 mÃ©p trÃªn!,,5,1587627733,2854683877
hongthai27051980,"Äiá»‡n thoáº¡i nguyÃªn seal, Ä‘Ã£ cÃ i rom tiáº¿ng viá»‡t, flash sell giÃ¡ tá»‘t",,5,1588226143,2854683877
hoa166,HÃ ng chuáº©n khÃ´ng tÃ¬ váº¿t ,,5,1587965726,2854683877
tuanchelsea1991,Mua báº£n cÃ³ tv. Tháº¥y mÃ¡y Ä‘Æ¡ lag chÆ°a biáº¿t sao Ä‘á»ƒ dung thÃªm máº¥y ngÃ y xem ntn,,3,1589299319,2854683877
phanthekhuebt,,,5,1609165524,2854683877
huythovp,,,5,1599812707,2854683877
rexvnerie,,,5,1589950193,2854683877
diephoang1,,,5,1589860458,2854683877
m*****3,,,5,1589333935,2854683877
phukiendidongstore,,,5,1589164461,2854683877
hungcuong8484,,,5,1587561697,2854683877
ngoctrangg,,,5,1587125175,2854683877
vickyle0825,"á»p Ä‘áº¹p láº¯m shop Æ¡i, nháº­n Ä‘Æ°á»£c hÃ ng mÃ  thÃ­ch láº¯m áº¥y. MÃ u ná»•i vÃ  sáº¯c nÃ©t láº¯m. Shop ship hÃ ng ráº¥t nhanh.",,5,1609236532,7353912449
nit.8896,Shop giao hÃ ng nhanh. HÃ ng chuáº©n Ä‘áº¹p. ThÃ´ng tin Ä‘Æ¡n hÃ ng cá»¥ thá»ƒ cho ngÆ°á»i mua. Sáº½ á»§ng há»™ thÃªm,,5,1610792640,7353912449
b*****n,"á»p xinh muá»‘n xÄ©u luÃ´n á»› , á»‘p nÃ y máº¥y báº¡n dÃ¹ng 11 á»‘p vÃ o i xÃ¬ 12 nhÃ¡ ðŸ˜ðŸ˜",,5,1608445766,7353912449
p*****8,,,5,1610109414,7353912449
lee12333,"Yayyyyyyyyyyyyyy nhÃ¬n á»•n pháº¿t Ã¡aaaaaa
Aaaaaaaaaaaaaaaaa",,5,1609663377,7353912449
thanhth46,"Ãˆo Ã´i á»‘p gÃ¬ vá»«a há»‹n vá»«a ráº» luÃ´n Ã¡! Tar nÃ³i mÃª luÃ´n, á»Ÿ ngoÃ i mÃ u nÃ³ lÃ  tÃ­m nháº¡t nhÃ© mn Æ¡i chá»© k cÃ³ nhÆ° trog hÃ¬nh Ä‘Ã¢u",,5,1610545924,7353912449
nhn78,"DÃ¹ng hÆ¡i lag má»™t tÃ½ nhÆ°ng cháº¥p nháº­n vá»›i giÃ¡ tiá»n, hÃ ng chÃ­nh hÃ£ng",,5,1608625877,7363861807
khanguyenminh3110,"Sáº£n pháº©m nÃ y tui tháº¥y rÃ¡t cháº¥t lÆ°á»£ng, shop cÃ²n táº·ng luÃ´n cáº£ á»‘p lÆ°ng siu cute ná»¯a ",,5,1608849669,7363861807
chientrandz,Sp tá»‘t ðŸ‘ðŸ‘,,5,1610704687,7363861807
hoanpltn,"MÃ¡y dÃ¹ng ok nhÆ°ng chá»‰ cÃ³ cÃ¡i chá»¥p áº£nh hÆ¡i xáº¥u
",,4,1609761743,7363861807
athoan,,,5,1610582683,7363861807
nhotran78,,,5,1610021491,7363861807
dolliii,Ok,,5,1606733081,3914727869
nhuhung689,kÃ­nh nhá» viá»n Ä‘en dÃ y.Äƒn vÃ o mÃ n trong khÃ¡ nhiá»u cÃ²n chÆ°a tÃ­nh lá»›p kÃ­nh cÅ© Ä‘Ã£ Äƒn vÃ o 1 Ã­t.pháº§n cáº¯t chá»— loa thoáº¡i nhá» hÆ¡n nhiá»u so vá»›i loa vá»›i kÃ­nh nhá» nÃªn nÃ³ cÅ©ng khÃ´ng gáº§n sÃ¡t loa. thÃ´i bá» phÃ­ 1 tuáº§n Ä‘á»£i,,1,1605678730,3914727869
kirichan,Viá»n Ä‘en lá»™ rÃµ ,,4,1602437871,3914727869
t*****8,"DÃ¡n xong tháº¥y ráº¥t Æ°ng Ã½, vá»«a váº·n pháº¿t",,5,1600274577,3914727869
sam021001,Giao Ä‘á»§ hÃ ng nhÆ°ng mÃ  Ã­t giáº¥y lau quÃ¡. KhÃ´ng ngá» kÃ­nh cÆ°á»ng lá»±c cÅ©ng khÃ¡ tá»‘t ,,5,1594341367,3914727869
thua13,"váº«n ráº¥t Ä‘áº¹p nha mÃ¬nh mua vÃ i láº§n rá»“i 
ráº¥t Æ°ng",,5,1596337743,3914727869
bdsquanglocbds,sp ráº¥t ok. mÃ¬nh ráº¥t hÃ i lÃ²ng,,5,1610272283,5537645743
thaihoa_17,HÃ ng xá»‹n ,,5,1609117023,5537645743
iam08r7rp0xop1y2nq9kvpm81m_a,Shop giao hÃ ng nhanh hÃ ng Ä‘Ã³ng gÃ³i tá»‘t sáº£n pháº©m Ä‘Ãºng vá»›i hÃ¬nh áº£nh quáº£ng cÃ¡o cháº¥t lÆ°á»£ng tá»‘tÂ ,,5,1604099348,5537645743
quoclui9,Shop bÃ¡n chÃªnh giÃ¡ cao quÃ¡. CÃ¡c shop khÃ¡c bÃ¡n ráº» hÆ¡n 100k. Láº§n sau thÃ¬ mua chá»— khÃ¡c,,5,1603895899,5537645743
wuhoatu,Chá»‰ 1 chá»¯ NGON.,,5,1603807825,5537645743
roggamer,"Máº·c dÃ¹ cÃ³ trá»¥c tráº·c bÃªn phÃ­a giao hÃ ng nhÆ°ng cháº¥t lÆ°á»£ng sp ráº¥t tá»‘t , Ä‘Ã³ng gÃ³i cháº¯c cháº¯n , sp cÃ²n nguyÃªn seal, Ä‘Ãºng chuáº©n sáº¡c nhanh ",,5,1603962163,5537645743
trannhunghoangkhanhngoc,"Giao Ä‘áº§y Ä‘á»§, vá»«a mÃ¡y , siÃªu Æ°ng khoáº£n Ä‘Ã³ng gÃ³i nhaaaa, giÃ¡ láº¡i ráº» cá»±c kÃ¬ nx, sáº½ quay láº¡i á»§ng há»™",,5,1604639359,3914727869
chuot31,"Cháº¥t lÆ°á»£ng tá»‘t Ä‘á»§ hÃ ng ,Ä‘á»£i dÃ¡n coi sao,Ä‘Ã³ng xá»‘p cháº¯c cháº¯n láº¯m",,5,1602656141,3914727869
anne._.rosaleen,"Okla:33
Bá»c qua 1 lá»›p xá»‘p dÃ y nÃªn yÃªn tÃ¢m k lo áº£nh hÆ°á»Ÿng sáº£n pháº©m",,5,1598543294,3914727869
l*****i,"Cháº¥t lÆ°á»£ng sáº£n pháº©m tuyá»‡t vá»i 
ÄÃ³ng gÃ³i sáº£n pháº©m cháº¥t lÆ°á»£ng... ",,5,1609823536,3914727869
dothihangnga_08121109,,,5,1607571710,3914727869
l*****1,"K biáº¿t Ä‘Æ¡n vá»‹ váº­n chuyá»ƒn ntn lÃ m vá»¡ gÃ³c cá»§a mÃ¬nh, máº·c dÃ¹ Ä‘Ã³ng gÃ³i khÃ¡ cáº©n tháº­n. ",,5,1606705522,3914727869
thahnu,"Cháº¥t lÆ°á»£ng sáº£n pháº©m tá»‘t, mÃ u á»‘p nÃ¢u Ä‘áº­m hÆ¡n so vá»›i áº£nh chá»¥p. ÄÃ¡ng tiá»n",,5,1592914946,3914727869
nttrang309,"HÃ ng bá»c cháº¯c cháº¯n, kÃ­nh cÆ°á»ng lá»±c tá»‘t, che phá»§ vá»«a váº·n, cÃ³ viá»n Ä‘en nhÆ°ng váº«n á»•n, cho 5*.",,5,1584357504,3914727869
kimhau98,"Giao hÃ ng cháº¡m xÃ­u, cháº¥t lÆ°á»£ng tá»‘t hÃ ng Ä‘á»§ sá»‘ lÆ°á»£ng mmmmmmmmm",,5,1586867892,3914727869
tthao2,á»p Ä‘áº¹p .giao hÃ ng hÆ¡i lÃ¢u bá»Ÿi vÃ¬ hÃ ng nÆ°á»›c ngoÃ i . shipper nhiá»‡t tÃ¬nh sáº½ á»§ng há»™ shop tiáº¿p tá»¥c,,5,1594192859,3914727869
m*****4,"KÃ­nh dÃ¡n thÃ¬ ok, kÃ­nh camera thÃ¬ ko khá»›p vá»›i mÃ¡y. ðŸ˜“ðŸ˜“ðŸ˜“ðŸ˜“ðŸ˜“ðŸ˜“ðŸ˜“ðŸ˜“ðŸ˜“ðŸ˜“ðŸ˜“",,3,1589511412,3914727869
thua13,ok,,5,1593951858,3914727869
m*****g,"Sáº£n pháº©m nhÆ° hÃ¬nh áº£nh Shop Ä‘Äƒng. Tuy nhiÃªn nÃ³ khÃ´ng cÃ³ dÃ¢y sáº¡c Ä‘i kÃ¨m, chá»‰ cÃ³ duy nháº¥t 1 cá»¥c sáº¡c. ",,5,1610386026,5537645743
nguyen_diemthu,"Cá»¥c sáº¡c cáº§m cÅ©ng khÃ¡ náº·ng tay, Ä‘Ã£ sáº¡c thá»­ tháº¥y á»•n..................... ",,5,1605437779,5537645743
t*****o,"GiÃ¡ sale 275k lÃ m mÃ¬nh khÃ¡ Æ°ng Ã½. Sáº£n pháº©m chuáº©n chÃ­nh hÃ£ng, check code lÃ  láº§n Ä‘áº§u tiÃªn kÃ­ch hoáº¡t. Äáº¹p vÃ  Ä‘áº§m tay, sáº¡c thÃ­ch. Shop nÃªn cÃ³ thÃªm case cho sáº¡c Ä‘á»ƒ khÃ¡ch mua kÃ¨m deal hoáº·c táº·ng kÃ¨m nhÃ©. NhÆ° mÃ¬nh pháº£i mua case á»Ÿ shop khÃ¡c máº¥t phÃ­ ship",,5,1605791675,5537645743
trangnhung4321,"Giao hÃ ng siÃªu nhanh, check code sáº£n pháº©m Ä‘Ãºng hÃ ng chÃ­nh hÃ£ng mÃ¬nh ráº¥t yÃªn tÃ¢m",,5,1604152482,5537645743
giahanguyen,"ÄÃ³ng gÃ³i sáº£n pháº©m ráº¥t tá»‘t, giao hÃ ng nhanh chÃ³ng, cháº¥t lÆ°á»£ng khÃ¡ á»•n nhÃ©",,5,1603858874,5537645743
lamanh852002,"Shop giao hÃ ng Ä‘Ãºng háº¹n, máº·c dÃ¹ mÆ°a nhÆ°ng váº«n giao Ä‘Ãºng ngÃ y. Sáº¡c Ä‘áº¹p, Ä‘Ã³ng gÃ³i cáº©n tháº­n cÃ²n cÃ³ giáº¥y báº£o hÃ nh cá»§a shop ná»¯a :3 dÃ¹ng thá»­ 1 thá»i gian sáº½ feedback láº¡i >.<",,5,1602767085,5537645743
tuancruise,"Sáº¡c nhanh vÃ  nhá» gá»n, nhÆ°ng dung lÆ°á»£ng tháº­t thÃ¬ táº§m 7-8000mAh thÃ´i vÃ¬ mÃ¬nh sáº¡c Ä‘c 2 láº§n rÆ°á»¡i Ä‘iá»‡n thoáº¡i cá»§a mÃ¬nh.",,5,1604748502,5537645743
ducchiend,Má»Ÿ ra thÃ¬ Ä‘Ã£ bá»‹ bÃ³c tem. Xem há»™p cÃ³ váº» hÃ ng xá»‹n. NhÆ°ng thÃ´ng sá»‘ Ä‘áº§u ra 2 cá»•ng khÃ´ng giá»‘ng thÃ´ng sá»‘ in trÃªn vá»,,4,1604399931,5537645743
gmwolf,"Sáº£n pháº©m vá»«a tay, Báº±ng chiáº¿c Ä‘iá»‡n thoáº¡i. MÃ¡t láº¡nh khi cáº§m. Sáº¡c ok cÃ³ sáº¡c nhanh. Sáº£n pháº©m tá»‘t Ä‘Ã¡ng mua. ",,5,1604032029,5537645743
phamnhi216,"Giao hÃ ng nhanh, shop tÆ° váº¥n nhiá»‡t tÃ¬nh, rep nhanh. HÃ i lÃ²ng
",,5,1603964870,5537645743
m*****0,TÃªn bá»‹ cáº¯t nÃºt nháº¥n bá»‹ thá»¥t vÃ o trong ,,1,1602854215,5537645743
hoangoanh2710,"Láº§n Ä‘áº§u sáº¡c ngon lÃ nh, máº¥y láº§n sau thÃ¬ lÃºc sáº¡c Ä‘Æ°á»£c lÃºc khÃ´ng. ChÃ¡n tháº­t sá»±",,1,1603946431,5537645743
